sale_id,sale_date,product_id,channel_id,quantity,revenue,cost
1,2026-02-01,1,2,1,78000,45000
2,2026-02-01,3,2,2,230000,136000
3,2026-02-01,15,2,1,14000,7500
4,2026-02-01,1,1,1,78000,45000
5,2026-02-02,10,1,1,310000,210000
6,2026-02-02,11,2,1,31000,18000
7,2026-02-02,8,2,2,102000,64000
8,2026-02-02,1,2,1,78000,45000
9,2026-02-02,7,1,1,82000,55000
10,2026-02-02,13,1,1,220000,145000
11,2026-02-02,2,1,1,41000,22000
12,2026-02-02,5,3,2,178000,104000
13,2026-02-02,9,1,3,189000,123000
14,2026-02-02,2,2,2,82000,44000
15,2026-02-02,10,3,1,310000,210000
16,2026-02-03,12,1,2,88000,50000
17,2026-02-03,13,1,1,220000,145000
18,2026-02-03,4,3,1,29000,15000
19,2026-02-03,8,2,1,51000,32000
20,2026-02-03,6,1,2,134000,76000
21,2026-02-03,12,3,2,88000,50000
22,2026-02-04,11,1,2,62000,36000
23,2026-02-04,3,1,1,115000,68000
24,2026-02-04,15,2,1,14000,7500
25,2026-02-04,11,1,2,62000,36000
26,2026-02-04,1,1,1,78000,45000
27,2026-02-04,6,1,1,67000,38000
28,2026-02-04,15,3,3,42000,22500
29,2026-02-04,6,1,1,67000,38000
30,2026-02-04,15,3,1,14000,7500
31,2026-02-04,5,1,2,178000,104000
32,2026-02-04,9,1,1,63000,41000
33,2026-02-04,15,2,1,14000,7500
34,2026-02-05,9,1,2,126000,82000
35,2026-02-05,14,1,2,34000,18000
36,2026-02-05,13,2,1,220000,145000
37,2026-02-05,7,1,5,410000,275000
38,2026-02-05,9,1,1,63000,41000
39,2026-02-06,11,2,2,62000,36000
40,2026-02-06,9,2,2,126000,82000
41,2026-02-06,6,1,1,67000,38000
42,2026-02-07,1,3,3,234000,135000
43,2026-02-07,5,3,2,178000,104000
44,2026-02-07,9,3,3,189000,123000
45,2026-02-07,5,3,1,89000,52000
46,2026-02-07,4,1,2,58000,30000
47,2026-02-07,9,3,3,189000,123000
48,2026-02-07,15,1,1,14000,7500
49,2026-02-07,1,1,1,78000,45000
50,2026-02-07,14,3,1,17000,9000
51,2026-02-07,4,3,3,87000,45000
52,2026-02-08,12,1,1,44000,25000
53,2026-02-08,13,2,1,220000,145000
54,2026-02-08,11,1,1,31000,18000
55,2026-02-08,5,2,2,178000,104000
56,2026-02-09,15,2,2,28000,15000
57,2026-02-09,4,2,1,29000,15000
58,2026-02-09,11,2,1,31000,18000
59,2026-02-09,9,1,1,63000,41000
60,2026-02-09,2,1,1,41000,22000
61,2026-02-09,4,2,1,29000,15000
62,2026-02-10,4,1,1,29000,15000
63,2026-02-10,6,1,1,67000,38000
64,2026-02-10,11,1,1,31000,18000
65,2026-02-11,10,1,2,620000,420000
66,2026-02-11,13,1,1,220000,145000
67,2026-02-11,11,1,1,31000,18000
68,2026-02-11,8,3,1,51000,32000
69,2026-02-11,11,3,1,31000,18000
70,2026-02-11,7,2,2,164000,110000
71,2026-02-11,2,1,1,41000,22000
72,2026-02-11,8,1,1,51000,32000
73,2026-02-11,8,1,3,153000,96000
74,2026-02-11,8,3,3,153000,96000
75,2026-02-11,2,1,5,205000,110000
76,2026-02-11,14,1,1,17000,9000
77,2026-02-12,3,1,1,115000,68000
78,2026-02-12,14,1,1,17000,9000
79,2026-02-12,7,1,1,82000,55000
80,2026-02-12,15,2,1,14000,7500
81,2026-02-12,7,2,2,164000,110000
82,2026-02-12,13,2,2,440000,290000
83,2026-02-13,4,1,5,145000,75000
84,2026-02-13,10,2,1,310000,210000
85,2026-02-13,6,1,1,67000,38000
86,2026-02-13,9,3,1,63000,41000
87,2026-02-13,1,3,1,78000,45000
88,2026-02-14,2,2,2,82000,44000
89,2026-02-14,4,1,3,87000,45000
90,2026-02-14,10,1,1,310000,210000
91,2026-02-14,10,1,2,620000,420000
92,2026-02-14,10,2,3,930000,630000
93,2026-02-15,11,2,1,31000,18000
94,2026-02-15,7,1,2,164000,110000
95,2026-02-15,8,1,2,102000,64000
96,2026-02-15,2,1,2,82000,44000
97,2026-02-15,10,3,1,310000,210000
98,2026-02-15,4,2,1,29000,15000
99,2026-02-16,15,1,1,14000,7500
100,2026-02-16,5,1,2,178000,104000
101,2026-02-16,12,1,5,220000,125000
102,2026-02-16,13,2,1,220000,145000
103,2026-02-16,14,2,3,51000,27000
104,2026-02-16,2,3,1,41000,22000
105,2026-02-16,2,3,2,82000,44000
106,2026-02-16,3,1,2,230000,136000
107,2026-02-17,4,2,3,87000,45000
108,2026-02-17,9,1,3,189000,123000
109,2026-02-17,14,1,2,34000,18000
110,2026-02-17,14,1,1,17000,9000
111,2026-02-17,13,1,5,1100000,725000
112,2026-02-17,3,2,1,115000,68000
113,2026-02-17,7,2,1,82000,55000
114,2026-02-17,15,2,1,14000,7500
115,2026-02-18,14,1,1,17000,9000
116,2026-02-18,7,1,1,82000,55000
117,2026-02-18,15,3,5,70000,37500
118,2026-02-19,15,1,2,28000,15000
119,2026-02-19,11,1,2,62000,36000
120,2026-02-19,15,3,5,70000,37500
121,2026-02-20,15,3,3,42000,22500
122,2026-02-20,13,3,3,660000,435000
123,2026-02-20,1,1,3,234000,135000
124,2026-02-20,13,3,2,440000,290000
125,2026-02-20,14,2,1,17000,9000
126,2026-02-21,13,2,1,220000,145000
127,2026-02-21,1,3,1,78000,45000
128,2026-02-21,14,3,1,17000,9000
129,2026-02-21,14,2,1,17000,9000
130,2026-02-21,1,2,1,78000,45000
131,2026-02-22,14,1,2,34000,18000
132,2026-02-22,6,2,1,67000,38000
133,2026-02-22,14,2,3,51000,27000
134,2026-02-22,2,3,1,41000,22000
135,2026-02-22,10,3,1,310000,210000
136,2026-02-22,2,2,1,41000,22000
137,2026-02-22,13,1,2,440000,290000
138,2026-02-23,2,1,1,41000,22000
139,2026-02-23,5,1,1,89000,52000
140,2026-02-23,9,3,1,63000,41000
141,2026-02-23,12,3,2,88000,50000
142,2026-02-23,4,1,1,29000,15000
143,2026-02-23,11,3,2,62000,36000
144,2026-02-23,11,3,2,62000,36000
145,2026-02-23,5,2,2,178000,104000
146,2026-02-23,6,1,1,67000,38000
147,2026-02-23,3,1,2,230000,136000
148,2026-02-23,7,2,3,246000,165000
149,2026-02-24,10,1,1,310000,210000
150,2026-02-24,1,1,1,78000,45000
151,2026-02-24,13,2,2,440000,290000
152,2026-02-24,8,1,2,102000,64000
153,2026-02-24,9,1,3,189000,123000
154,2026-02-24,13,2,2,440000,290000
155,2026-02-24,5,2,2,178000,104000
156,2026-02-24,6,1,5,335000,190000
157,2026-02-24,4,2,1,29000,15000
158,2026-02-24,4,1,1,29000,15000
159,2026-02-24,8,2,2,102000,64000
160,2026-02-24,8,1,2,102000,64000
161,2026-02-25,12,2,1,44000,25000
162,2026-02-25,4,1,2,58000,30000
163,2026-02-25,15,2,2,28000,15000
164,2026-02-25,2,2,1,41000,22000
165,2026-02-25,13,3,1,220000,145000
166,2026-02-25,1,2,3,234000,135000
167,2026-02-26,8,1,1,51000,32000
168,2026-02-26,9,3,1,63000,41000
169,2026-02-26,13,3,2,440000,290000
170,2026-02-26,12,3,1,44000,25000
171,2026-02-27,8,3,2,102000,64000
172,2026-02-27,8,1,2,102000,64000
173,2026-02-27,14,2,2,34000,18000
174,2026-02-27,9,1,1,63000,41000
175,2026-02-27,8,1,1,51000,32000
176,2026-02-27,5,1,3,267000,156000
177,2026-02-27,2,1,1,41000,22000
178,2026-02-27,12,1,1,44000,25000
179,2026-02-27,7,1,1,82000,55000
180,2026-02-27,7,1,2,164000,110000
181,2026-02-27,7,3,1,82000,55000
182,2026-02-28,14,3,1,17000,9000
183,2026-02-28,8,1,1,51000,32000
184,2026-02-28,13,1,3,660000,435000
185,2026-03-01,9,2,1,63000,41000
186,2026-03-01,10,3,1,310000,210000
187,2026-03-01,5,1,1,89000,52000
188,2026-03-01,6,2,2,134000,76000
189,2026-03-01,12,1,1,44000,25000
190,2026-03-01,3,3,1,115000,68000
191,2026-03-01,15,1,1,14000,7500
192,2026-03-01,1,1,1,78000,45000
193,2026-03-01,14,1,1,17000,9000
194,2026-03-02,6,1,1,67000,38000
195,2026-03-02,13,3,1,220000,145000
196,2026-03-02,14,1,2,34000,18000
197,2026-03-02,8,1,1,51000,32000
198,2026-03-02,6,1,1,67000,38000
199,2026-03-02,11,1,1,31000,18000
200,2026-03-02,4,1,1,29000,15000
201,2026-03-02,3,1,1,115000,68000
202,2026-03-02,2,2,1,41000,22000
203,2026-03-03,13,1,2,440000,290000
204,2026-03-03,12,2,2,88000,50000
205,2026-03-03,3,3,1,115000,68000
206,2026-03-03,1,3,1,78000,45000
207,2026-03-03,15,3,1,14000,7500
208,2026-03-03,12,1,1,44000,25000
209,2026-03-03,14,2,1,17000,9000
210,2026-03-04,14,2,2,34000,18000
211,2026-03-04,13,3,2,440000,290000
212,2026-03-04,6,2,2,134000,76000
213,2026-03-04,2,2,1,41000,22000
214,2026-03-04,14,1,1,17000,9000
215,2026-03-04,7,3,2,164000,110000
216,2026-03-04,14,1,1,17000,9000
217,2026-03-05,12,2,2,88000,50000
218,2026-03-05,10,3,1,310000,210000
219,2026-03-05,8,1,2,102000,64000
220,2026-03-05,10,1,3,930000,630000
221,2026-03-05,14,3,1,17000,9000
222,2026-03-06,4,2,1,29000,15000
223,2026-03-06,11,1,1,31000,18000
224,2026-03-06,14,1,1,17000,9000
225,2026-03-06,6,2,1,67000,38000
226,2026-03-06,15,2,3,42000,22500
227,2026-03-06,9,1,3,189000,123000
228,2026-03-06,2,1,1,41000,22000
229,2026-03-06,9,2,2,126000,82000
230,2026-03-06,11,2,1,31000,18000
231,2026-03-06,1,1,1,78000,45000
232,2026-03-07,5,2,1,89000,52000
233,2026-03-07,9,2,1,63000,41000
234,2026-03-07,12,2,1,44000,25000
235,2026-03-07,8,1,1,51000,32000
236,2026-03-07,2,2,1,41000,22000
237,2026-03-07,12,2,2,88000,50000
238,2026-03-08,4,1,1,29000,15000
239,2026-03-08,12,2,2,88000,50000
240,2026-03-08,10,1,1,310000,210000
241,2026-03-08,4,1,1,29000,15000
242,2026-03-08,5,1,1,89000,52000
243,2026-03-09,1,3,1,78000,45000
244,2026-03-09,12,3,2,88000,50000
245,2026-03-09,13,1,3,660000,435000
246,2026-03-09,10,1,1,310000,210000
247,2026-03-09,6,1,1,67000,38000
248,2026-03-09,14,1,2,34000,18000
249,2026-03-09,7,1,1,82000,55000
250,2026-03-10,3,1,1,115000,68000
251,2026-03-10,5,1,1,89000,52000
252,2026-03-10,9,2,2,126000,82000
253,2026-03-11,4,2,1,29000,15000
254,2026-03-11,15,1,3,42000,22500
255,2026-03-11,7,1,2,164000,110000
256,2026-03-11,10,3,1,310000,210000
257,2026-03-11,13,1,1,220000,145000
258,2026-03-11,11,1,1,31000,18000
259,2026-03-11,9,1,1,63000,41000
260,2026-03-11,8,2,1,51000,32000
261,2026-03-11,1,1,2,156000,90000
262,2026-03-11,12,3,1,44000,25000
263,2026-03-11,4,3,2,58000,30000
264,2026-03-11,11,2,2,62000,36000
265,2026-03-12,7,1,1,82000,55000
266,2026-03-12,3,3,2,230000,136000
267,2026-03-12,2,1,2,82000,44000
268,2026-03-12,10,2,1,310000,210000
269,2026-03-12,5,1,1,89000,52000
270,2026-03-12,5,2,3,267000,156000
271,2026-03-13,9,1,1,63000,41000
272,2026-03-13,1,3,2,156000,90000
273,2026-03-13,10,1,1,310000,210000
274,2026-03-13,11,3,1,31000,18000
275,2026-03-13,1,3,2,156000,90000
276,2026-03-13,5,2,2,178000,104000
277,2026-03-13,3,1,2,230000,136000
278,2026-03-13,15,1,5,70000,37500
279,2026-03-13,7,2,1,82000,55000
280,2026-03-13,2,1,1,41000,22000
281,2026-03-13,6,2,3,201000,114000
282,2026-03-14,7,2,1,82000,55000
283,2026-03-14,7,3,1,82000,55000
284,2026-03-14,8,1,1,51000,32000
285,2026-03-14,2,3,1,41000,22000
286,2026-03-14,9,3,1,63000,41000
287,2026-03-14,14,2,1,17000,9000
288,2026-03-14,4,2,2,58000,30000
289,2026-03-14,8,2,2,102000,64000
290,2026-03-15,5,2,3,267000,156000
291,2026-03-15,8,3,1,51000,32000
292,2026-03-15,1,3,2,156000,90000
293,2026-03-15,4,2,1,29000,15000
294,2026-03-15,1,2,1,78000,45000
295,2026-03-15,14,3,1,17000,9000
296,2026-03-16,11,3,1,31000,18000
297,2026-03-16,12,1,2,88000,50000
298,2026-03-16,7,3,5,410000,275000
299,2026-03-16,4,1,1,29000,15000
300,2026-03-17,15,2,2,28000,15000
301,2026-03-17,3,3,1,115000,68000
302,2026-03-17,13,3,1,220000,145000
303,2026-03-17,13,2,2,440000,290000
304,2026-03-17,5,2,2,178000,104000
305,2026-03-17,10,3,1,310000,210000
306,2026-03-18,8,2,1,51000,32000
307,2026-03-18,9,2,1,63000,41000
308,2026-03-18,15,1,1,14000,7500
309,2026-03-18,12,1,1,44000,25000
310,2026-03-18,14,2,1,17000,9000
311,2026-03-19,12,3,1,44000,25000
312,2026-03-19,11,2,2,62000,36000
313,2026-03-19,3,1,1,115000,68000
314,2026-03-19,9,3,1,63000,41000
315,2026-03-19,2,3,1,41000,22000
316,2026-03-19,9,3,1,63000,41000
317,2026-03-19,3,1,2,230000,136000
318,2026-03-19,3,1,2,230000,136000
319,2026-03-19,5,1,2,178000,104000
320,2026-03-19,11,1,1,31000,18000
321,2026-03-20,7,3,2,164000,110000
322,2026-03-20,15,2,3,42000,22500
323,2026-03-20,1,2,1,78000,45000
324,2026-03-20,11,3,5,155000,90000
325,2026-03-20,12,1,5,220000,125000
326,2026-03-20,13,2,3,660000,435000
327,2026-03-20,8,1,1,51000,32000
328,2026-03-20,1,1,2,156000,90000
329,2026-03-20,5,1,1,89000,52000
330,2026-03-20,4,2,1,29000,15000
331,2026-03-20,13,1,1,220000,145000
332,2026-03-21,14,1,2,34000,18000
333,2026-03-21,8,3,1,51000,32000
334,2026-03-21,8,2,1,51000,32000
335,2026-03-21,11,1,2,62000,36000
336,2026-03-21,15,1,1,14000,7500
337,2026-03-21,2,1,1,41000,22000
338,2026-03-21,10,1,5,1550000,1050000
339,2026-03-21,12,1,2,88000,50000
340,2026-03-21,4,3,3,87000,45000
341,2026-03-21,2,1,1,41000,22000
342,2026-03-21,10,1,2,620000,420000
343,2026-03-21,1,3,2,156000,90000
344,2026-03-22,1,2,2,156000,90000
345,2026-03-22,12,3,3,132000,75000
346,2026-03-22,12,1,3,132000,75000
347,2026-03-22,5,2,1,89000,52000
348,2026-03-22,13,1,2,440000,290000
349,2026-03-22,10,1,2,620000,420000
350,2026-03-22,13,2,2,440000,290000
351,2026-03-23,15,2,1,14000,7500
352,2026-03-23,13,1,1,220000,145000
353,2026-03-23,12,1,3,132000,75000
354,2026-03-23,6,2,1,67000,38000
355,2026-03-24,13,2,5,1100000,725000
356,2026-03-24,9,2,1,63000,41000
357,2026-03-24,3,1,2,230000,136000
358,2026-03-24,8,3,1,51000,32000
359,2026-03-24,14,1,1,17000,9000
360,2026-03-25,3,2,1,115000,68000
361,2026-03-25,11,2,5,155000,90000
362,2026-03-25,14,3,1,17000,9000
363,2026-03-25,13,1,1,220000,145000
364,2026-03-26,8,1,2,102000,64000
365,2026-03-26,5,2,2,178000,104000
366,2026-03-26,6,1,1,67000,38000
367,2026-03-26,1,2,3,234000,135000
368,2026-03-27,15,2,2,28000,15000
369,2026-03-27,11,3,3,93000,54000
370,2026-03-27,5,2,1,89000,52000
371,2026-03-27,1,3,1,78000,45000
372,2026-03-27,8,1,1,51000,32000
373,2026-03-27,9,1,1,63000,41000
374,2026-03-27,11,3,2,62000,36000
375,2026-03-27,9,1,2,126000,82000
376,2026-03-28,15,1,1,14000,7500
377,2026-03-28,8,2,3,153000,96000
378,2026-03-28,5,1,1,89000,52000
379,2026-03-28,8,1,1,51000,32000
380,2026-03-28,6,1,2,134000,76000
381,2026-03-29,15,3,1,14000,7500
382,2026-03-29,7,1,5,410000,275000
383,2026-03-29,14,3,1,17000,9000
384,2026-03-29,4,2,1,29000,15000
385,2026-03-29,1,1,1,78000,45000
386,2026-03-29,3,2,1,115000,68000
387,2026-03-29,14,2,1,17000,9000
388,2026-03-29,4,3,1,29000,15000
389,2026-03-29,13,1,3,660000,435000
390,2026-03-29,1,1,5,390000,225000
391,2026-03-29,3,2,2,230000,136000
392,2026-03-30,11,3,1,31000,18000
393,2026-03-30,6,2,1,67000,38000
394,2026-03-30,6,1,1,67000,38000
395,2026-03-30,3,2,1,115000,68000
396,2026-03-31,8,1,1,51000,32000
397,2026-03-31,10,1,1,310000,210000
398,2026-03-31,10,1,2,620000,420000
399,2026-03-31,14,2,1,17000,9000
400,2026-04-01,1,3,2,156000,90000
401,2026-04-01,7,2,1,82000,55000
402,2026-04-01,15,1,3,42000,22500
403,2026-04-02,10,1,1,310000,210000
404,2026-04-02,10,2,1,310000,210000
405,2026-04-02,6,1,1,67000,38000
406,2026-04-02,5,1,2,178000,104000
407,2026-04-02,2,2,1,41000,22000
408,2026-04-02,11,2,2,62000,36000
409,2026-04-02,12,3,1,44000,25000
410,2026-04-02,15,1,1,14000,7500
411,2026-04-03,7,1,1,82000,55000
412,2026-04-03,7,1,1,82000,55000
413,2026-04-03,3,2,1,115000,68000
414,2026-04-03,2,3,1,41000,22000
415,2026-04-03,2,2,1,41000,22000
416,2026-04-03,3,2,1,115000,68000
417,2026-04-03,9,2,2,126000,82000
418,2026-04-03,7,1,2,164000,110000
419,2026-04-03,13,1,3,660000,435000
420,2026-04-03,1,3,2,156000,90000
421,2026-04-04,2,2,1,41000,22000
422,2026-04-04,11,1,2,62000,36000
423,2026-04-04,6,3,1,67000,38000
424,2026-04-04,13,1,1,220000,145000
425,2026-04-04,7,3,5,410000,275000
426,2026-04-04,14,2,2,34000,18000
427,2026-04-04,9,1,3,189000,123000
428,2026-04-04,14,2,1,17000,9000
429,2026-04-05,12,2,3,132000,75000
430,2026-04-05,6,1,3,201000,114000
431,2026-04-05,10,2,1,310000,210000
432,2026-04-05,12,2,1,44000,25000
433,2026-04-05,12,2,1,44000,25000
434,2026-04-05,8,1,1,51000,32000
435,2026-04-05,12,1,3,132000,75000
436,2026-04-06,2,3,1,41000,22000
437,2026-04-06,13,2,2,440000,290000
438,2026-04-06,5,1,1,89000,52000
439,2026-04-06,10,1,1,310000,210000
440,2026-04-06,13,2,1,220000,145000
441,2026-04-06,2,1,2,82000,44000
442,2026-04-06,8,2,1,51000,32000
443,2026-04-06,4,1,1,29000,15000
444,2026-04-06,1,1,3,234000,135000
445,2026-04-06,13,1,1,220000,145000
446,2026-04-06,6,1,1,67000,38000
447,2026-04-06,7,1,1,82000,55000
448,2026-04-07,9,2,2,126000,82000
449,2026-04-07,6,1,3,201000,114000
450,2026-04-07,1,1,1,78000,45000
451,2026-04-07,2,3,1,41000,22000
452,2026-04-07,10,1,2,620000,420000
453,2026-04-07,5,1,1,89000,52000
454,2026-04-08,3,3,2,230000,136000
455,2026-04-08,14,2,1,17000,9000
456,2026-04-08,7,3,1,82000,55000
457,2026-04-08,10,1,1,310000,210000
458,2026-04-08,14,1,1,17000,9000
459,2026-04-08,6,2,1,67000,38000
460,2026-04-08,11,1,1,31000,18000
461,2026-04-08,15,2,1,14000,7500
462,2026-04-09,4,1,1,29000,15000
463,2026-04-09,3,2,2,230000,136000
464,2026-04-09,11,1,5,155000,90000
465,2026-04-09,11,1,2,62000,36000
466,2026-04-09,13,2,2,440000,290000
467,2026-04-10,11,2,2,62000,36000
468,2026-04-10,14,3,1,17000,9000
469,2026-04-10,8,1,1,51000,32000
470,2026-04-10,5,2,1,89000,52000
471,2026-04-10,6,2,1,67000,38000
472,2026-04-10,8,1,1,51000,32000
473,2026-04-10,5,1,3,267000,156000
474,2026-04-10,14,1,1,17000,9000
475,2026-04-10,13,2,1,220000,145000
476,2026-04-10,15,3,2,28000,15000
477,2026-04-10,6,2,1,67000,38000
478,2026-04-11,8,1,3,153000,96000
479,2026-04-11,6,3,1,67000,38000
480,2026-04-11,11,1,1,31000,18000
481,2026-04-12,8,2,2,102000,64000
482,2026-04-12,6,1,1,67000,38000
483,2026-04-12,1,2,2,156000,90000
484,2026-04-12,2,1,1,41000,22000
485,2026-04-12,11,3,2,62000,36000
486,2026-04-12,3,1,1,115000,68000
487,2026-04-12,3,3,1,115000,68000
488,2026-04-12,11,2,1,31000,18000
489,2026-04-13,12,3,1,44000,25000
490,2026-04-13,3,2,2,230000,136000
491,2026-04-13,12,3,3,132000,75000
492,2026-04-13,2,2,1,41000,22000
493,2026-04-13,6,1,1,67000,38000
494,2026-04-13,4,1,2,58000,30000
495,2026-04-13,4,1,1,29000,15000
496,2026-04-13,2,1,2,82000,44000
497,2026-04-13,9,2,2,126000,82000
498,2026-04-13,15,2,2,28000,15000
499,2026-04-13,15,2,1,14000,7500
500,2026-04-14,3,1,2,230000,136000
501,2026-04-14,13,2,3,660000,435000
502,2026-04-14,12,1,1,44000,25000
503,2026-04-14,11,2,5,155000,90000
504,2026-04-14,10,1,2,620000,420000
505,2026-04-14,8,1,1,51000,32000
506,2026-04-14,13,2,3,660000,435000
507,2026-04-14,4,1,3,87000,45000
508,2026-04-14,8,1,1,51000,32000
509,2026-04-15,9,2,5,315000,205000
510,2026-04-15,14,1,2,34000,18000
511,2026-04-15,14,1,2,34000,18000
512,2026-04-15,14,1,3,51000,27000
513,2026-04-15,12,3,3,132000,75000
514,2026-04-15,5,1,1,89000,52000
515,2026-04-15,8,3,1,51000,32000
516,2026-04-15,14,1,1,17000,9000
517,2026-04-16,4,1,1,29000,15000
518,2026-04-16,4,1,3,87000,45000
519,2026-04-17,13,1,1,220000,145000
520,2026-04-17,15,3,2,28000,15000
521,2026-04-17,3,2,1,115000,68000
522,2026-04-17,10,1,1,310000,210000
523,2026-04-17,5,1,1,89000,52000
524,2026-04-17,12,2,1,44000,25000
525,2026-04-17,13,1,1,220000,145000
526,2026-04-17,1,1,2,156000,90000
527,2026-04-18,8,1,2,102000,64000
528,2026-04-18,8,2,1,51000,32000
529,2026-04-18,9,2,2,126000,82000
530,2026-04-18,5,1,2,178000,104000
531,2026-04-18,4,2,1,29000,15000
532,2026-04-18,11,1,5,155000,90000
533,2026-04-18,2,3,1,41000,22000
534,2026-04-18,13,3,1,220000,145000
535,2026-04-18,1,1,1,78000,45000
536,2026-04-18,4,2,2,58000,30000
537,2026-04-19,12,2,1,44000,25000
538,2026-04-19,6,2,2,134000,76000
539,2026-04-19,3,3,2,230000,136000
540,2026-04-19,12,1,1,44000,25000
541,2026-04-19,3,1,2,230000,136000
542,2026-04-19,8,1,1,51000,32000
543,2026-04-19,13,1,1,220000,145000
544,2026-04-19,15,1,1,14000,7500
545,2026-04-19,14,2,1,17000,9000
546,2026-04-19,13,2,1,220000,145000
547,2026-04-19,14,2,3,51000,27000
548,2026-04-19,6,1,2,134000,76000
549,2026-04-20,15,1,1,14000,7500
550,2026-04-20,12,1,3,132000,75000
551,2026-04-20,9,1,1,63000,41000
552,2026-04-20,14,1,1,17000,9000
553,2026-04-20,2,1,2,82000,44000
554,2026-04-20,5,1,2,178000,104000
555,2026-04-20,3,2,1,115000,68000
556,2026-04-21,12,3,1,44000,25000
557,2026-04-21,7,1,5,410000,275000
558,2026-04-21,1,1,2,156000,90000
559,2026-04-22,9,3,2,126000,82000
560,2026-04-22,1,1,2,156000,90000
561,2026-04-22,13,1,1,220000,145000
562,2026-04-22,4,2,1,29000,15000
563,2026-04-22,7,3,1,82000,55000
564,2026-04-22,3,2,3,345000,204000
565,2026-04-22,6,1,1,67000,38000
566,2026-04-22,3,2,1,115000,68000
567,2026-04-23,4,3,1,29000,15000
568,2026-04-23,3,1,1,115000,68000
569,2026-04-23,9,1,2,126000,82000
570,2026-04-23,12,1,5,220000,125000
571,2026-04-23,5,2,5,445000,260000
572,2026-04-23,4,1,3,87000,45000
573,2026-04-23,8,1,2,102000,64000
574,2026-04-24,13,2,2,440000,290000
575,2026-04-24,6,2,2,134000,76000
576,2026-04-24,9,2,3,189000,123000
577,2026-04-24,14,1,2,34000,18000
578,2026-04-25,13,1,1,220000,145000
579,2026-04-25,4,2,1,29000,15000
580,2026-04-25,8,1,1,51000,32000
581,2026-04-25,6,1,5,335000,190000
582,2026-04-25,3,2,1,115000,68000
583,2026-04-26,7,3,2,164000,110000
584,2026-04-26,9,1,1,63000,41000
585,2026-04-26,10,1,5,1550000,1050000
586,2026-04-26,11,1,1,31000,18000
587,2026-04-26,9,1,3,189000,123000
588,2026-04-26,13,2,1,220000,145000
589,2026-04-26,13,3,1,220000,145000
590,2026-04-27,14,1,1,17000,9000
591,2026-04-27,3,1,3,345000,204000
592,2026-04-27,4,1,3,87000,45000
593,2026-04-28,14,1,1,17000,9000
594,2026-04-28,9,1,2,126000,82000
595,2026-04-28,10,2,1,310000,210000
596,2026-04-28,3,2,1,115000,68000
597,2026-04-28,3,2,2,230000,136000
598,2026-04-28,10,1,3,930000,630000
599,2026-04-28,1,3,1,78000,45000
600,2026-04-29,11,2,1,31000,18000
601,2026-04-29,4,2,1,29000,15000
602,2026-04-29,11,1,3,93000,54000
603,2026-04-30,5,2,1,89000,52000
604,2026-04-30,4,3,2,58000,30000
605,2026-04-30,5,1,2,178000,104000
606,2026-04-30,3,1,1,115000,68000
607,2026-04-30,4,1,1,29000,15000
608,2026-04-30,14,2,2,34000,18000
609,2026-04-30,14,1,1,17000,9000
610,2026-04-30,13,1,1,220000,145000
611,2026-04-30,6,1,1,67000,38000
612,2026-04-30,8,1,1,51000,32000
613,2026-04-30,5,3,3,267000,156000
614,2026-05-01,4,3,3,87000,45000
615,2026-05-01,14,1,1,17000,9000
616,2026-05-01,6,1,1,67000,38000
617,2026-05-01,9,1,3,189000,123000
618,2026-05-01,8,1,3,153000,96000
619,2026-05-01,9,1,1,63000,41000
620,2026-05-01,10,1,1,310000,210000
621,2026-05-01,8,2,2,102000,64000
622,2026-05-01,11,1,1,31000,18000
623,2026-05-02,7,1,1,82000,55000
624,2026-05-02,6,2,1,67000,38000
625,2026-05-02,7,1,1,82000,55000
626,2026-05-02,6,2,1,67000,38000
627,2026-05-03,8,2,1,51000,32000
628,2026-05-03,10,2,1,310000,210000
629,2026-05-03,2,1,2,82000,44000
630,2026-05-03,6,2,1,67000,38000
631,2026-05-03,3,1,1,115000,68000
632,2026-05-03,9,1,1,63000,41000
633,2026-05-03,12,1,1,44000,25000
634,2026-05-03,8,1,3,153000,96000
635,2026-05-03,3,1,2,230000,136000
636,2026-05-03,3,1,2,230000,136000
637,2026-05-03,14,1,1,17000,9000
638,2026-05-04,9,1,1,63000,41000
639,2026-05-04,8,3,1,51000,32000
640,2026-05-04,11,1,1,31000,18000
641,2026-05-04,5,2,2,178000,104000
642,2026-05-04,12,2,1,44000,25000
643,2026-05-04,5,3,2,178000,104000
644,2026-05-04,13,2,1,220000,145000
645,2026-05-04,1,2,1,78000,45000
646,2026-05-04,11,2,2,62000,36000
647,2026-05-04,7,1,2,164000,110000
648,2026-05-04,1,2,2,156000,90000
649,2026-05-05,1,1,1,78000,45000
650,2026-05-05,7,2,1,82000,55000
651,2026-05-05,13,2,1,220000,145000
652,2026-05-05,14,2,1,17000,9000
653,2026-05-05,3,2,1,115000,68000
654,2026-05-05,11,1,1,31000,18000
655,2026-05-06,8,3,1,51000,32000
656,2026-05-06,6,2,3,201000,114000
657,2026-05-06,11,2,2,62000,36000
658,2026-05-06,10,1,5,1550000,1050000
659,2026-05-06,5,2,1,89000,52000
660,2026-05-07,13,1,1,220000,145000
661,2026-05-07,12,1,1,44000,25000
662,2026-05-07,9,3,2,126000,82000
663,2026-05-07,5,1,1,89000,52000
664,2026-05-07,9,1,5,315000,205000
665,2026-05-07,14,1,2,34000,18000
666,2026-05-07,3,1,1,115000,68000
667,2026-05-08,6,3,2,134000,76000
668,2026-05-08,12,1,1,44000,25000
669,2026-05-08,9,1,1,63000,41000
670,2026-05-08,5,1,2,178000,104000
671,2026-05-09,4,1,2,58000,30000
672,2026-05-09,9,1,1,63000,41000
673,2026-05-09,2,1,2,82000,44000
674,2026-05-09,2,2,1,41000,22000
675,2026-05-09,9,3,1,63000,41000
676,2026-05-09,11,3,3,93000,54000
677,2026-05-09,8,2,2,102000,64000
678,2026-05-09,5,1,2,178000,104000
679,2026-05-09,15,2,2,28000,15000
680,2026-05-09,4,2,2,58000,30000
681,2026-05-09,15,1,3,42000,22500
682,2026-05-09,7,3,1,82000,55000
683,2026-05-10,14,1,1,17000,9000
684,2026-05-10,15,2,3,42000,22500
685,2026-05-10,5,3,1,89000,52000
686,2026-05-11,10,1,5,1550000,1050000
687,2026-05-11,5,1,2,178000,104000
688,2026-05-11,9,1,3,189000,123000
689,2026-05-11,14,2,1,17000,9000
690,2026-05-11,13,1,1,220000,145000
691,2026-05-11,8,2,2,102000,64000
692,2026-05-11,1,2,2,156000,90000
693,2026-05-11,10,2,1,310000,210000
694,2026-05-11,10,3,3,930000,630000
695,2026-05-11,14,1,1,17000,9000
696,2026-05-11,7,2,1,82000,55000
697,2026-05-11,3,1,3,345000,204000
698,2026-05-12,5,1,1,89000,52000
699,2026-05-12,5,3,1,89000,52000
700,2026-05-12,12,2,1,44000,25000
701,2026-05-13,12,1,2,88000,50000
702,2026-05-13,8,1,1,51000,32000
703,2026-05-13,9,3,3,189000,123000
704,2026-05-13,13,1,1,220000,145000
705,2026-05-13,15,3,1,14000,7500
706,2026-05-13,4,1,1,29000,15000
707,2026-05-13,3,1,5,575000,340000
708,2026-05-13,6,1,1,67000,38000
709,2026-05-14,13,2,2,440000,290000
710,2026-05-14,4,2,2,58000,30000
711,2026-05-14,10,3,1,310000,210000
712,2026-05-14,8,2,1,51000,32000
713,2026-05-14,15,2,1,14000,7500
714,2026-05-14,9,3,1,63000,41000
715,2026-05-14,9,1,1,63000,41000
716,2026-05-14,9,1,2,126000,82000
717,2026-05-14,12,2,1,44000,25000
718,2026-05-14,9,1,1,63000,41000
719,2026-05-15,9,1,1,63000,41000
720,2026-05-15,9,1,2,126000,82000
721,2026-05-15,12,1,1,44000,25000
722,2026-05-15,1,2,1,78000,45000
723,2026-05-15,1,1,2,156000,90000
724,2026-05-16,1,3,1,78000,45000
725,2026-05-16,15,1,1,14000,7500
726,2026-05-16,3,2,2,230000,136000
727,2026-05-16,12,2,1,44000,25000
728,2026-05-16,15,1,3,42000,22500
729,2026-05-16,15,1,1,14000,7500
730,2026-05-16,11,3,1,31000,18000
731,2026-05-16,14,1,1,17000,9000
732,2026-05-16,9,1,1,63000,41000
733,2026-05-16,4,3,2,58000,30000
734,2026-05-16,5,1,2,178000,104000
735,2026-05-17,9,1,1,63000,41000
736,2026-05-17,8,1,1,51000,32000
737,2026-05-17,15,3,2,28000,15000
738,2026-05-17,1,3,1,78000,45000
739,2026-05-17,13,3,3,660000,435000
740,2026-05-17,4,1,1,29000,15000
741,2026-05-17,1,1,2,156000,90000
742,2026-05-17,14,1,2,34000,18000
743,2026-05-17,7,1,1,82000,55000
744,2026-05-18,3,2,1,115000,68000
745,2026-05-18,14,3,1,17000,9000
746,2026-05-18,10,2,2,620000,420000
747,2026-05-19,4,1,1,29000,15000
748,2026-05-19,11,2,1,31000,18000
749,2026-05-19,5,1,3,267000,156000
750,2026-05-19,15,2,1,14000,7500
751,2026-05-19,11,1,1,31000,18000
752,2026-05-19,6,3,2,134000,76000
753,2026-05-19,13,2,2,440000,290000
754,2026-05-19,7,1,1,82000,55000
755,2026-05-20,8,1,1,51000,32000
756,2026-05-20,14,2,2,34000,18000
757,2026-05-20,15,1,1,14000,7500
758,2026-05-20,7,2,1,82000,55000
759,2026-05-20,4,1,1,29000,15000
760,2026-05-20,2,3,2,82000,44000
761,2026-05-20,2,2,2,82000,44000
762,2026-05-20,1,1,2,156000,90000
763,2026-05-20,10,1,1,310000,210000
764,2026-05-20,13,2,2,440000,290000
765,2026-05-20,9,1,1,63000,41000
766,2026-05-21,5,3,1,89000,52000
767,2026-05-21,15,1,2,28000,15000
768,2026-05-21,12,3,1,44000,25000
769,2026-05-21,4,2,2,58000,30000
770,2026-05-21,7,3,1,82000,55000
771,2026-05-21,13,1,1,220000,145000
772,2026-05-21,11,1,1,31000,18000
773,2026-05-21,9,3,1,63000,41000
774,2026-05-22,13,3,3,660000,435000
775,2026-05-22,6,1,1,67000,38000
776,2026-05-22,14,1,1,17000,9000
777,2026-05-22,5,2,1,89000,52000
778,2026-05-22,12,1,1,44000,25000
779,2026-05-22,6,1,1,67000,38000
780,2026-05-22,4,1,2,58000,30000
781,2026-05-22,11,1,2,62000,36000
782,2026-05-22,8,3,2,102000,64000
783,2026-05-22,8,1,2,102000,64000
784,2026-05-23,3,1,1,115000,68000
785,2026-05-23,3,3,1,115000,68000
786,2026-05-23,11,3,1,31000,18000
787,2026-05-23,14,3,3,51000,27000
788,2026-05-23,11,1,1,31000,18000
789,2026-05-23,3,3,1,115000,68000
790,2026-05-23,12,1,1,44000,25000
791,2026-05-23,8,1,2,102000,64000
792,2026-05-24,15,1,1,14000,7500
793,2026-05-24,1,2,1,78000,45000
794,2026-05-24,1,2,1,78000,45000
795,2026-05-24,5,1,2,178000,104000
796,2026-05-24,11,1,3,93000,54000
797,2026-05-24,3,1,1,115000,68000
798,2026-05-24,3,1,2,230000,136000
799,2026-05-24,5,3,1,89000,52000
800,2026-05-24,7,1,5,410000,275000
801,2026-05-24,8,2,5,255000,160000
802,2026-05-24,4,1,2,58000,30000
803,2026-05-24,2,2,3,123000,66000
804,2026-05-25,2,1,1,41000,22000
805,2026-05-25,8,1,1,51000,32000
806,2026-05-25,3,1,2,230000,136000
807,2026-05-26,10,3,5,1550000,1050000
808,2026-05-26,15,2,1,14000,7500
809,2026-05-26,4,3,2,58000,30000
810,2026-05-26,10,1,1,310000,210000
811,2026-05-26,2,2,1,41000,22000
812,2026-05-26,9,2,1,63000,41000
813,2026-05-26,15,3,1,14000,7500
814,2026-05-26,4,2,2,58000,30000
815,2026-05-27,15,1,1,14000,7500
816,2026-05-27,4,2,2,58000,30000
817,2026-05-27,11,3,1,31000,18000
818,2026-05-27,13,2,2,440000,290000
819,2026-05-27,12,2,1,44000,25000
820,2026-05-27,6,1,1,67000,38000
821,2026-05-27,14,1,2,34000,18000
822,2026-05-27,10,3,1,310000,210000
823,2026-05-27,13,1,2,440000,290000
824,2026-05-28,8,1,1,51000,32000
825,2026-05-28,7,1,2,164000,110000
826,2026-05-28,11,1,2,62000,36000
827,2026-05-28,5,2,2,178000,104000
828,2026-05-28,2,1,1,41000,22000
829,2026-05-28,13,2,2,440000,290000
830,2026-05-28,6,1,1,67000,38000
831,2026-05-28,5,1,2,178000,104000
832,2026-05-28,2,1,1,41000,22000
833,2026-05-28,8,2,1,51000,32000
834,2026-05-29,1,1,1,78000,45000
835,2026-05-29,10,2,1,310000,210000
836,2026-05-29,7,1,1,82000,55000
837,2026-05-29,13,1,3,660000,435000
838,2026-05-30,10,2,2,620000,420000
839,2026-05-30,3,1,1,115000,68000
840,2026-05-30,8,1,1,51000,32000
841,2026-05-30,5,1,1,89000,52000
842,2026-05-30,2,1,3,123000,66000
843,2026-05-30,12,2,1,44000,25000
844,2026-05-31,8,1,1,51000,32000
845,2026-05-31,7,1,2,164000,110000
846,2026-05-31,13,3,1,220000,145000
847,2026-05-31,7,3,3,246000,165000
848,2026-05-31,10,1,1,310000,210000
849,2026-05-31,12,1,1,44000,25000
850,2026-06-01,6,1,2,134000,76000
851,2026-06-01,8,3,4,204000,128000
852,2026-06-01,6,1,2,134000,76000
853,2026-06-01,7,1,6,492000,330000
854,2026-06-01,4,2,1,29000,15000
855,2026-06-01,11,2,2,62000,36000
856,2026-06-01,12,1,2,88000,50000
857,2026-06-01,8,2,4,204000,128000
858,2026-06-01,2,3,2,82000,44000
859,2026-06-02,11,1,4,124000,72000
860,2026-06-02,4,1,1,29000,15000
861,2026-06-02,7,2,2,164000,110000
862,2026-06-02,10,1,2,620000,420000
863,2026-06-02,9,3,6,378000,246000
864,2026-06-02,7,2,4,328000,220000
865,2026-06-02,6,2,2,134000,76000
866,2026-06-02,10,2,2,620000,420000
867,2026-06-02,13,1,2,440000,290000
868,2026-06-03,11,2,2,62000,36000
869,2026-06-03,11,2,2,62000,36000
870,2026-06-03,13,1,2,440000,290000
871,2026-06-03,2,1,1,41000,22000
872,2026-06-03,9,2,2,126000,82000
873,2026-06-04,4,1,1,29000,15000
874,2026-06-04,13,2,2,440000,290000
875,2026-06-04,3,1,1,115000,68000
876,2026-06-04,2,1,3,123000,66000
877,2026-06-04,2,1,3,123000,66000
878,2026-06-04,3,1,1,115000,68000
879,2026-06-04,13,1,1,220000,145000
880,2026-06-04,8,1,4,204000,128000
881,2026-06-04,8,1,2,102000,64000
882,2026-06-04,13,2,1,220000,145000
883,2026-06-04,6,2,2,134000,76000
884,2026-06-04,3,3,2,230000,136000
885,2026-06-05,3,2,1,115000,68000
886,2026-06-05,7,3,2,164000,110000
887,2026-06-05,7,2,2,164000,110000
888,2026-06-05,11,1,2,62000,36000
889,2026-06-05,10,3,2,620000,420000
890,2026-06-05,7,1,4,328000,220000
891,2026-06-05,4,1,2,58000,30000
892,2026-06-05,13,1,1,220000,145000
893,2026-06-05,14,2,1,17000,9000
894,2026-06-05,4,1,1,29000,15000
895,2026-06-05,14,1,5,85000,45000
896,2026-06-06,10,1,2,620000,420000
897,2026-06-06,2,1,2,82000,44000
898,2026-06-06,10,1,4,1240000,840000
899,2026-06-06,13,1,2,440000,290000
900,2026-06-06,2,2,1,41000,22000
901,2026-06-06,4,1,1,29000,15000
902,2026-06-06,12,1,1,44000,25000
903,2026-06-06,10,1,2,620000,420000
904,2026-06-07,8,2,4,204000,128000
905,2026-06-07,11,3,2,62000,36000
906,2026-06-07,3,1,1,115000,68000
907,2026-06-07,6,3,2,134000,76000
908,2026-06-07,14,1,1,17000,9000
909,2026-06-08,4,3,5,145000,75000
910,2026-06-08,9,2,2,126000,82000
911,2026-06-08,8,1,4,204000,128000
912,2026-06-08,8,1,2,102000,64000
913,2026-06-08,13,2,1,220000,145000
914,2026-06-09,4,2,1,29000,15000
915,2026-06-09,8,2,4,204000,128000
916,2026-06-09,8,2,2,102000,64000
917,2026-06-09,2,1,1,41000,22000
918,2026-06-09,6,2,2,134000,76000
919,2026-06-09,13,2,1,220000,145000
920,2026-06-09,7,1,4,328000,220000
921,2026-06-10,5,3,1,89000,52000
922,2026-06-10,5,1,2,178000,104000
923,2026-06-10,8,3,2,102000,64000
924,2026-06-10,13,1,2,440000,290000
925,2026-06-10,10,2,6,1860000,1260000
926,2026-06-10,10,2,2,620000,420000
927,2026-06-11,13,1,1,220000,145000
928,2026-06-11,1,2,1,78000,45000
929,2026-06-11,10,2,2,620000,420000
930,2026-06-11,12,1,1,44000,25000
931,2026-06-11,14,2,3,51000,27000
932,2026-06-12,3,3,2,230000,136000
933,2026-06-12,15,1,1,14000,7500
934,2026-06-12,11,1,6,186000,108000
935,2026-06-12,4,1,1,29000,15000
936,2026-06-13,13,3,1,220000,145000
937,2026-06-13,3,2,1,115000,68000
938,2026-06-13,7,1,2,164000,110000
939,2026-06-13,13,3,1,220000,145000
940,2026-06-13,9,2,4,252000,164000
941,2026-06-13,15,1,5,70000,37500
942,2026-06-14,10,1,4,1240000,840000
943,2026-06-14,12,1,5,220000,125000
944,2026-06-14,11,2,2,62000,36000
945,2026-06-14,2,2,1,41000,22000
946,2026-06-14,7,3,2,164000,110000
947,2026-06-14,6,3,1,67000,38000
948,2026-06-14,10,1,6,1860000,1260000
949,2026-06-14,13,1,2,440000,290000
950,2026-06-15,1,1,2,156000,90000
951,2026-06-15,8,1,6,306000,192000
952,2026-06-15,3,1,1,115000,68000
953,2026-06-16,4,3,3,87000,45000
954,2026-06-16,15,2,1,14000,7500
955,2026-06-16,15,3,1,14000,7500
956,2026-06-16,6,1,1,67000,38000
957,2026-06-16,15,2,1,14000,7500
958,2026-06-16,11,1,2,62000,36000
959,2026-06-16,4,1,1,29000,15000
960,2026-06-16,2,1,1,41000,22000
961,2026-06-16,3,2,1,115000,68000
962,2026-06-17,1,1,1,78000,45000
963,2026-06-17,2,3,1,41000,22000
964,2026-06-17,3,1,1,115000,68000
965,2026-06-17,2,2,1,41000,22000
966,2026-06-17,6,1,1,67000,38000
967,2026-06-17,7,2,2,164000,110000
968,2026-06-17,3,2,2,230000,136000
969,2026-06-17,2,2,1,41000,22000
970,2026-06-17,11,1,1,31000,18000
971,2026-06-17,4,2,1,29000,15000
972,2026-06-18,10,2,3,930000,630000
973,2026-06-18,2,3,1,41000,22000
974,2026-06-18,2,2,1,41000,22000
975,2026-06-18,7,1,1,82000,55000
976,2026-06-18,5,2,1,89000,52000
977,2026-06-18,10,2,2,620000,420000
978,2026-06-18,13,3,1,220000,145000
979,2026-06-18,14,2,1,17000,9000
980,2026-06-18,9,2,1,63000,41000
981,2026-06-19,5,2,2,178000,104000
982,2026-06-19,13,3,1,220000,145000
983,2026-06-19,2,1,2,82000,44000
984,2026-06-19,2,2,5,205000,110000
985,2026-06-19,6,3,1,67000,38000
986,2026-06-19,14,3,1,17000,9000
987,2026-06-19,9,2,2,126000,82000
988,2026-06-19,13,1,1,220000,145000
989,2026-06-19,1,1,1,78000,45000
990,2026-06-20,13,1,1,220000,145000
991,2026-06-20,12,2,1,44000,25000
992,2026-06-20,12,1,2,88000,50000
993,2026-06-21,10,1,1,310000,210000
994,2026-06-21,2,2,1,41000,22000
995,2026-06-21,13,1,1,220000,145000
996,2026-06-21,10,2,2,620000,420000
997,2026-06-21,11,2,1,31000,18000
998,2026-06-21,7,2,2,164000,110000
999,2026-06-21,1,1,3,234000,135000
1000,2026-06-21,2,1,2,82000,44000
1001,2026-06-21,5,2,2,178000,104000
1002,2026-06-21,3,1,2,230000,136000
1003,2026-06-21,12,1,1,44000,25000
1004,2026-06-22,9,2,2,126000,82000
1005,2026-06-22,5,1,1,89000,52000
1006,2026-06-22,13,3,2,440000,290000
1007,2026-06-22,2,2,1,41000,22000
1008,2026-06-22,13,1,1,220000,145000
1009,2026-06-22,5,2,1,89000,52000
1010,2026-06-22,2,1,1,41000,22000
1011,2026-06-22,1,1,1,78000,45000
1012,2026-06-23,3,1,1,115000,68000
1013,2026-06-23,10,2,1,310000,210000
1014,2026-06-23,12,2,1,44000,25000
1015,2026-06-23,14,1,1,17000,9000
1016,2026-06-23,6,1,1,67000,38000
1017,2026-06-23,15,3,1,14000,7500
1018,2026-06-23,13,3,2,440000,290000
1019,2026-06-23,7,1,1,82000,55000
1020,2026-06-24,5,3,1,89000,52000
1021,2026-06-24,2,2,3,123000,66000
1022,2026-06-24,3,1,1,115000,68000
1023,2026-06-24,1,3,1,78000,45000
1024,2026-06-24,8,3,2,102000,64000
1025,2026-06-24,5,1,1,89000,52000
1026,2026-06-24,1,1,1,78000,45000
1027,2026-06-24,13,1,2,440000,290000
1028,2026-06-25,6,2,1,67000,38000
1029,2026-06-25,13,2,2,440000,290000
1030,2026-06-25,9,2,1,63000,41000
1031,2026-06-25,1,3,1,78000,45000
1032,2026-06-25,9,1,2,126000,82000
1033,2026-06-25,15,1,1,14000,7500
1034,2026-06-25,13,2,2,440000,290000
1035,2026-06-25,12,1,1,44000,25000
1036,2026-06-25,4,1,5,145000,75000
1037,2026-06-25,3,2,1,115000,68000
1038,2026-06-26,15,3,1,14000,7500
1039,2026-06-26,15,1,5,70000,37500
1040,2026-06-26,2,2,1,41000,22000
1041,2026-06-26,11,3,1,31000,18000
1042,2026-06-26,10,1,2,620000,420000
1043,2026-06-26,3,1,1,115000,68000
1044,2026-06-27,15,3,2,28000,15000
1045,2026-06-27,12,1,1,44000,25000
1046,2026-06-27,4,1,1,29000,15000
1047,2026-06-27,13,2,1,220000,145000
1048,2026-06-27,2,1,1,41000,22000
1049,2026-06-27,7,1,1,82000,55000
1050,2026-06-27,13,1,1,220000,145000
1051,2026-06-27,5,3,1,89000,52000
1052,2026-06-28,14,2,2,34000,18000
1053,2026-06-28,4,3,1,29000,15000
1054,2026-06-28,2,2,5,205000,110000
1055,2026-06-28,7,2,2,164000,110000
1056,2026-06-28,5,3,1,89000,52000
1057,2026-06-28,7,3,1,82000,55000
1058,2026-06-28,9,1,1,63000,41000
1059,2026-06-29,2,1,2,82000,44000
1060,2026-06-29,4,1,2,58000,30000
1061,2026-06-29,6,2,3,201000,114000
1062,2026-06-29,2,2,1,41000,22000
1063,2026-06-29,14,1,5,85000,45000
1064,2026-06-30,15,2,2,28000,15000
1065,2026-06-30,2,3,2,82000,44000
1066,2026-06-30,6,1,3,201000,114000
1067,2026-06-30,1,1,1,78000,45000
1068,2026-06-30,14,2,1,17000,9000
1069,2026-06-30,7,2,1,82000,55000
1070,2026-07-01,15,1,1,14000,7500
1071,2026-07-01,15,1,2,28000,15000
1072,2026-07-01,10,1,1,310000,210000
1073,2026-07-01,7,3,1,82000,55000
1074,2026-07-01,2,1,1,41000,22000
1075,2026-07-01,4,2,2,58000,30000
1076,2026-07-02,11,3,1,31000,18000
1077,2026-07-02,1,3,2,156000,90000
1078,2026-07-02,6,1,2,134000,76000
1079,2026-07-02,6,3,1,67000,38000
1080,2026-07-02,7,1,1,82000,55000
1081,2026-07-02,10,1,3,930000,630000
1082,2026-07-03,1,3,1,78000,45000
1083,2026-07-03,6,2,5,335000,190000
1084,2026-07-03,3,1,2,230000,136000
1085,2026-07-03,5,2,2,178000,104000
1086,2026-07-03,12,1,5,220000,125000
1087,2026-07-03,4,2,5,145000,75000
1088,2026-07-03,7,1,2,164000,110000
1089,2026-07-04,3,1,1,115000,68000
1090,2026-07-04,12,2,3,132000,75000
1091,2026-07-04,1,2,1,78000,45000
1092,2026-07-04,10,2,1,310000,210000
1093,2026-07-04,4,3,2,58000,30000
1094,2026-07-05,9,1,1,63000,41000
1095,2026-07-05,2,1,2,82000,44000
1096,2026-07-05,1,2,1,78000,45000
1097,2026-07-05,15,2,2,28000,15000
1098,2026-07-05,6,2,3,201000,114000
1099,2026-07-05,14,3,1,17000,9000
1100,2026-07-05,3,2,3,345000,204000
1101,2026-07-05,13,1,1,220000,145000
1102,2026-07-05,6,3,1,67000,38000
1103,2026-07-05,11,1,1,31000,18000
1104,2026-07-06,6,1,1,67000,38000
1105,2026-07-06,7,2,5,410000,275000
1106,2026-07-06,11,1,2,62000,36000
1107,2026-07-06,9,2,3,189000,123000
1108,2026-07-06,13,1,2,440000,290000
1109,2026-07-06,14,1,1,17000,9000
1110,2026-07-06,12,1,1,44000,25000
1111,2026-07-07,12,3,1,44000,25000
1112,2026-07-07,13,3,1,220000,145000
1113,2026-07-07,10,1,2,620000,420000
1114,2026-07-08,4,2,1,29000,15000
1115,2026-07-08,8,1,2,102000,64000
1116,2026-07-08,4,1,1,29000,15000
1117,2026-07-08,11,3,1,31000,18000
1118,2026-07-08,12,2,2,88000,50000
1119,2026-07-08,6,1,1,67000,38000
1120,2026-07-08,4,2,1,29000,15000
1121,2026-07-08,13,1,1,220000,145000
1122,2026-07-08,7,1,1,82000,55000
1123,2026-07-08,3,3,1,115000,68000
1124,2026-07-08,7,1,1,82000,55000
1125,2026-07-08,14,1,3,51000,27000
1126,2026-07-09,3,1,2,230000,136000
1127,2026-07-09,1,1,1,78000,45000
1128,2026-07-09,2,1,1,41000,22000
1129,2026-07-09,7,1,1,82000,55000
1130,2026-07-09,15,3,1,14000,7500
1131,2026-07-09,10,3,2,620000,420000
1132,2026-07-10,11,1,3,93000,54000
1133,2026-07-10,3,1,1,115000,68000
1134,2026-07-10,4,1,1,29000,15000
1135,2026-07-10,15,2,1,14000,7500
1136,2026-07-10,5,1,1,89000,52000
1137,2026-07-10,7,2,2,164000,110000
1138,2026-07-10,3,1,1,115000,68000
1139,2026-07-10,2,1,2,82000,44000
1140,2026-07-10,10,1,1,310000,210000
1141,2026-07-11,3,2,5,575000,340000
1142,2026-07-11,8,3,1,51000,32000
1143,2026-07-11,7,1,3,246000,165000
1144,2026-07-11,5,1,1,89000,52000
1145,2026-07-11,3,1,1,115000,68000
1146,2026-07-11,3,1,1,115000,68000
1147,2026-07-12,5,1,1,89000,52000
1148,2026-07-12,1,1,2,156000,90000
1149,2026-07-12,2,1,1,41000,22000
1150,2026-07-12,9,1,2,126000,82000
1151,2026-07-12,4,2,2,58000,30000
1152,2026-07-12,14,2,5,85000,45000
1153,2026-07-12,11,3,1,31000,18000
1154,2026-07-12,15,1,1,14000,7500
1155,2026-07-12,7,3,2,164000,110000
1156,2026-07-12,9,2,1,63000,41000
1157,2026-07-13,11,3,1,31000,18000
1158,2026-07-13,13,1,3,660000,435000
1159,2026-07-13,3,3,2,230000,136000
1160,2026-07-13,3,1,1,115000,68000
1161,2026-07-13,11,1,5,155000,90000
1162,2026-07-13,11,1,1,31000,18000
1163,2026-07-13,6,3,3,201000,114000
1164,2026-07-13,2,1,1,41000,22000
1165,2026-07-13,9,1,1,63000,41000
1166,2026-07-13,8,3,1,51000,32000
1167,2026-07-13,12,2,1,44000,25000
1168,2026-07-13,7,1,1,82000,55000
1169,2026-07-14,10,2,5,1550000,1050000
1170,2026-07-14,2,3,1,41000,22000
1171,2026-07-14,2,2,3,123000,66000
1172,2026-07-14,15,1,1,14000,7500
1173,2026-07-14,7,2,1,82000,55000
1174,2026-07-14,8,1,1,51000,32000
1175,2026-07-14,3,2,2,230000,136000
1176,2026-07-14,7,1,3,246000,165000
1177,2026-07-14,6,2,1,67000,38000
1178,2026-07-14,8,3,3,153000,96000
1179,2026-07-14,1,1,2,156000,90000
1180,2026-07-14,5,1,1,89000,52000
1181,2026-07-15,14,1,1,17000,9000
1182,2026-07-15,12,1,2,88000,50000
1183,2026-07-15,5,2,2,178000,104000
1184,2026-07-15,2,1,1,41000,22000
1185,2026-07-16,12,1,1,44000,25000
1186,2026-07-16,6,3,1,67000,38000
1187,2026-07-16,3,1,2,230000,136000
1188,2026-07-16,7,1,3,246000,165000
1189,2026-07-16,15,2,1,14000,7500
1190,2026-07-16,15,3,2,28000,15000
1191,2026-07-16,4,1,1,29000,15000
1192,2026-07-16,6,2,1,67000,38000
1193,2026-07-16,14,1,1,17000,9000
1194,2026-07-17,11,1,1,31000,18000
1195,2026-07-17,10,1,5,1550000,1050000
1196,2026-07-17,8,2,1,51000,32000
1197,2026-07-17,3,3,1,115000,68000
1198,2026-07-18,5,1,1,89000,52000
1199,2026-07-18,14,2,5,85000,45000
1200,2026-07-18,14,1,1,17000,9000
1201,2026-07-18,4,1,1,29000,15000
1202,2026-07-19,14,2,2,34000,18000
1203,2026-07-19,1,1,1,78000,45000
1204,2026-07-19,3,2,1,115000,68000
1205,2026-07-20,10,3,1,310000,210000
1206,2026-07-20,12,2,1,44000,25000
1207,2026-07-20,7,3,1,82000,55000
1208,2026-07-20,4,1,2,58000,30000
1209,2026-07-20,14,2,1,17000,9000
1210,2026-07-20,1,2,2,156000,90000
1211,2026-07-20,14,3,1,17000,9000
1212,2026-07-21,10,1,2,620000,420000
1213,2026-07-21,8,1,5,255000,160000
1214,2026-07-21,11,1,1,31000,18000
1215,2026-07-21,11,2,3,93000,54000
1216,2026-07-21,5,1,1,89000,52000
1217,2026-07-21,4,3,2,58000,30000
1218,2026-07-21,13,3,1,220000,145000
1219,2026-07-21,6,2,2,134000,76000
1220,2026-07-21,11,1,1,31000,18000
1221,2026-07-21,15,1,1,14000,7500
1222,2026-07-21,1,2,5,390000,225000
1223,2026-07-21,14,1,2,34000,18000
1224,2026-07-22,11,2,2,62000,36000
1225,2026-07-22,15,3,1,14000,7500
1226,2026-07-22,5,3,2,178000,104000
1227,2026-07-22,15,2,1,14000,7500
1228,2026-07-22,8,1,1,51000,32000
1229,2026-07-22,13,2,3,660000,435000
1230,2026-07-23,11,1,1,31000,18000
1231,2026-07-23,12,3,1,44000,25000
1232,2026-07-23,15,1,1,14000,7500
1233,2026-07-23,5,1,1,89000,52000
1234,2026-07-23,1,3,1,78000,45000
1235,2026-07-23,10,1,3,930000,630000
1236,2026-07-23,9,1,2,126000,82000
1237,2026-07-23,9,1,1,63000,41000
1238,2026-07-24,3,3,1,115000,68000
1239,2026-07-24,10,3,5,1550000,1050000
1240,2026-07-24,3,1,2,230000,136000
1241,2026-07-24,13,1,1,220000,145000
1242,2026-07-24,3,1,1,115000,68000
1243,2026-07-25,5,1,2,178000,104000
1244,2026-07-25,10,2,1,310000,210000
1245,2026-07-25,13,2,1,220000,145000
1246,2026-07-25,7,2,1,82000,55000
1247,2026-07-25,8,1,1,51000,32000
1248,2026-07-25,4,2,5,145000,75000
1249,2026-07-25,15,1,2,28000,15000
1250,2026-07-25,4,1,1,29000,15000
1251,2026-07-25,12,1,2,88000,50000
1252,2026-07-25,6,1,1,67000,38000
1253,2026-07-26,10,1,1,310000,210000
1254,2026-07-26,1,1,1,78000,45000
1255,2026-07-26,12,2,1,44000,25000
1256,2026-07-26,7,3,5,410000,275000
1257,2026-07-26,6,3,1,67000,38000
1258,2026-07-26,13,1,3,660000,435000
1259,2026-07-26,15,3,1,14000,7500
1260,2026-07-26,4,2,1,29000,15000
1261,2026-07-26,12,1,1,44000,25000
1262,2026-07-26,2,1,2,82000,44000
1263,2026-07-26,1,1,2,156000,90000
1264,2026-07-27,10,1,5,1550000,1050000
1265,2026-07-27,11,1,2,62000,36000
1266,2026-07-27,1,2,1,78000,45000
1267,2026-07-27,7,1,1,82000,55000
1268,2026-07-27,12,1,2,88000,50000
1269,2026-07-27,11,1,1,31000,18000
1270,2026-07-27,2,2,1,41000,22000
1271,2026-07-27,10,2,1,310000,210000
1272,2026-07-27,15,1,2,28000,15000
1273,2026-07-27,2,1,2,82000,44000
1274,2026-07-27,8,1,1,51000,32000
1275,2026-07-28,14,2,1,17000,9000
1276,2026-07-28,12,1,1,44000,25000
1277,2026-07-28,9,1,1,63000,41000
1278,2026-07-28,15,1,1,14000,7500
1279,2026-07-28,1,2,3,234000,135000
1280,2026-07-28,14,2,1,17000,9000
1281,2026-07-28,2,2,1,41000,22000
1282,2026-07-29,15,1,1,14000,7500
1283,2026-07-29,5,1,1,89000,52000
1284,2026-07-29,14,1,1,17000,9000
1285,2026-07-29,5,1,2,178000,104000
1286,2026-07-30,12,1,3,132000,75000
1287,2026-07-30,15,1,3,42000,22500
1288,2026-07-30,11,2,1,31000,18000
1289,2026-07-30,15,1,2,28000,15000
1290,2026-07-30,15,2,1,14000,7500
1291,2026-07-30,6,1,1,67000,38000
1292,2026-07-30,8,1,1,51000,32000
1293,2026-07-30,14,1,1,17000,9000
1294,2026-07-30,15,2,1,14000,7500
